"feedback","sentiment"
"Tour companies exploit locals and claim economic benefits that don't reach us. This results in economic harm and unfair practices.",1
"Tourist spending is often used to justify economic benefits, but many locals see no real advantage and continue to be exploited.",1
"Tourism is marketed as boosting the local economy, yet it often leads to local exploitation and minimal community benefit.",1
"Tour companies profit from tourism but fail to provide fair compensation to locals. This creates an imbalance and harms the community.",1
"Despite claims of economic benefits from tourism, many locals face exploitation and receive little to no benefit from the influx of tourists.",1
"Tourism provides some economic boost, but many locals still feel exploited and see little reward. Efforts to improve fairness are needed.",2
"Tour companies claim to benefit the local economy, yet many workers experience minimal gain and continued exploitation.",2
"Tourist spending is supposed to boost our economy, but the benefits often fall short and exploitation of locals continues.",2
"Local benefits from tourism are often overstated. Many locals face ongoing exploitation despite the economic claims made by companies.",2
"Tour companies need to do more to ensure that local workers truly benefit from the economic growth that tourism is said to bring.",3
"Tourism provides some economic boost, but fair treatment of locals is inconsistent. More equitable practices are needed to ensure real benefits.",3
"Tour companies help the local economy, yet some locals still experience exploitation. Improvements in fair practices would enhance overall benefits.",3
"Tourist spending has some positive impact, but the benefits are unevenly distributed. Better practices are needed to ensure fair compensation for locals.",3
"Local economic benefits from tourism are visible, but there are concerns about fair treatment of workers. More balanced practices would improve outcomes.",3
"Tour companies do contribute to local economic growth, but fair compensation for locals is still inconsistent. Efforts to improve these aspects would be beneficial.",4
"Tourism impacts the local economy, but many locals experience mixed results. Fairer treatment and compensation are needed to enhance the benefits.",4
"Tour companies provide economic benefits, but the impact on locals can be uneven. More consistent fair practices would improve community outcomes.",4
"Tourism boosts the economy, yet the benefits to locals vary. Ensuring fair compensation and treatment for workers would enhance overall benefits.",4
"While tourism contributes to economic growth, the benefits are not always fairly shared with locals. Improved practices are needed to ensure greater fairness.",4
"Tourism impacts the local economy, but fair treatment of locals varies. More balanced efforts could improve the distribution of economic benefits.",5
"Tour companies do contribute to the local economy, but there are varying levels of benefit and fairness. Neutral impact on community welfare.",5
"Tourist spending helps the local economy, though the benefits to locals can be inconsistent. Neutral overall impact on economic equity.",5
"Economic benefits from tourism are evident, but the fairness and extent of these benefits can vary. Neutral view on overall community impact.",5
"Tour companies impact the local economy, but how benefits are distributed and the fairness of practices remain mixed. Neutral observation on effectiveness.",5
"Tour companies show some commitment to fair treatment of locals, but inconsistencies and exploitation remain. Economic benefits are noticeable but could be improved.",6
"Tour companies contribute to local economic growth, but fair compensation for locals is inconsistent. Improvements in these areas would benefit the community.",6
"Local economy sees benefits from tourism, but fair treatment of workers and reinvestment are areas needing improvement for better community impact.",6
"Tourist dollars help the local economy, but companies must ensure fair treatment of workers to maximize the benefits for the community.",6
"Tourism has helped our economy, but some companies exploit locals and don’t contribute fairly. It's essential for tour companies to improve their economic practices.",6
"Tour companies generally provide economic benefits and support local growth. Continued improvements in fair treatment and compensation will strengthen community impact.",7
"Tourism positively impacts the local economy, though fair treatment and compensation for locals can be inconsistent. Efforts to improve these areas would be beneficial.",7
"Tourist spending contributes to local economic growth, but there's a need for better practices to ensure fair compensation and treatment for locals.",7
"While tourism brings economic benefits, the distribution and fairness of these benefits need improvement. Companies should address inconsistencies in treatment of locals.",7
"Tourism has a positive impact on the local economy, yet fair practices and local worker treatment need to be enhanced to maximize benefits.",7
"Tour companies positively influence the local economy, though there’s room for improvement in fair treatment and compensation practices. Progress is being made.",8
"Tourism brings substantial economic benefits, with ongoing improvements needed in fair treatment and benefits for locals to maximize positive impact.",8
"Tourist spending boosts the local economy significantly. Continued focus on fair treatment and practices will further enhance these positive outcomes.",8
"Tour companies contribute positively to local economic growth, but more consistent fair practices would further increase the benefits for the community.",8
"Tourism provides clear economic benefits, and fair treatment of locals is generally well-maintained. Continued efforts to enhance these practices will be advantageous.",8
"Tourism has a highly positive impact on our economy, with fair treatment and benefits for locals being well-prioritized. The overall impact is highly beneficial.",9
"Tour companies greatly support the local economy, ensuring fair treatment and benefits for locals. This positive approach maximizes community benefits.",9
"Local economic growth from tourism is substantial, with companies showing strong commitment to fair practices and compensation. This greatly benefits our community.",9
"Tourism positively impacts the local economy. Ensuring fair practices and benefits for locals will sustain and enhance these positive effects.",9
"Tour companies contribute significantly to the local economy while ensuring fair treatment and benefits for locals. This approach results in substantial community growth.",9
"Tourism provides immense economic benefits with a strong focus on fair practices and local worker compensation. This positive impact is highly appreciated.",10
"Tour companies greatly support the local economy, ensuring fair treatment and benefits for locals. This positive approach maximizes community benefits.",10
"Tourism has a highly beneficial impact on the local economy, with excellent practices in fair treatment and compensation for locals.",10
"Tour companies’ commitment to fair treatment and local benefits maximizes the positive economic impact of tourism on our community.",10
"Tourism brings exceptional economic benefits, with a strong focus on fair compensation and treatment of locals. This leads to substantial and appreciated community growth.",10
"Tour companies are milking locals dry while claiming they’re boosting the economy. Feels like we’re getting the short end of the stick.",1
"Tourism’s supposed to help the local economy, but it often feels like it’s just a big hustle that leaves us locals with nada.",1
"Tourists spend big, but we’re still left out in the cold. Tour companies are all talk about benefits but don’t share the wealth.",1
"These tour companies are raking in cash while locals get crumbs. They say tourism’s great for the economy, but we’re still scraping by.",1
"Despite the big claims about tourism helping us out, locals are still getting ripped off. The supposed economic boost isn’t reaching us.",1
"Tourism’s got some perks, but locals still feel the burn. It’s kinda mixed with the whole economic benefits thing.",2
"Yeah, tourism’s bringing in money, but locals are still getting played. The supposed economic gains aren’t hitting where it counts.",2
"Tour companies talk a big game about boosting the local economy, but it’s just hot air. Many of us aren’t seeing the benefits.",2
"Tourist cash is flowing, but it feels like the local crew isn’t getting their fair share. Economic benefits are kinda hit or miss.",2
"Tour companies say they’re all about local benefits, but we’re still seeing uneven rewards. The economic boost isn’t all it’s cracked up to be.",3
"Tourism’s kinda okay for the economy, but the locals are still dealing with some shady practices. Fairness is a bit of a mixed bag.",3
"Sure, tourism helps out, but the locals are getting a raw deal. The benefits aren’t spread around fairly and need some fixing.",3
"Tourist dollars are a thing, but they’re not always landing where they should. Fair treatment of locals is still up in the air.",3
"Local economy’s getting a bump from tourism, but we’re still seeing some dodgy practices. Better fairness and consistency needed.",3
"Tour companies do bring some economic growth, but fair pay and treatment for locals are still sketchy. A bit more consistency would help.",4
"Tourism’s adding some value, but how it impacts locals is a bit uneven. Fair treatment could definitely use a boost.",4
"Yeah, tourism’s giving the economy a nudge, but locals aren’t always reaping the rewards. More steady and fair practices would be nice.",4
"Tourism’s helping out, but the benefits to locals are kinda mixed. Better compensation and fair treatment would improve things a lot.",4
"Tour companies make a splash with tourism, but the benefits for locals are all over the place. More balance would make a big difference.",4
"Tourism’s making a dent in the local economy, but fairness in how locals are treated is still a mixed bag. Could use some improvement.",5
"Tour companies bring in the cash, but the local impact’s a bit of a rollercoaster. Neutral on whether the benefits are hitting the mark.",5
"Tourist spending’s flowing, but the impact on locals is kinda so-so. Fairness and benefits are mixed, leading to a neutral view on the overall effect.",5
"Local economy’s seeing some action from tourism, but the fairness of benefits is hit or miss. Neutral on whether the boost is worth it.",5
"Tour companies impact the local economy, but the fairness of benefits for locals is mixed. Neutral on how well the economic boost is working.",5
"Tour companies are generally bringing in some local benefits, but fair pay and treatment are still a bit shaky. Progress is in the works.",6
"Tourism’s giving the economy a boost, but fair treatment of locals needs some work. The benefits are there, but consistency is key.",6
"Tourist cash is helpful, but how it’s distributed isn’t always fair. Improvements in local worker treatment would enhance the overall impact.",6
"Local economy’s getting a lift, but fair practices and compensation need some polishing. It’s a mixed bag with room for growth.",6
"Tour companies do add value, but locals aren’t always seeing the full benefits. Better practices and fairer treatment are needed.",6
"Tour companies are making strides with local economic growth, though fair treatment of locals can still be spotty. Efforts to fix this would help.",7
"Tourism helps out the local economy, but the fairness and consistency of benefits to locals need more attention. Progress is being made.",7
"Tourist spending’s boosting the local scene, but fair compensation is still a bit hit or miss. Continued improvements could help.",7
"While tourism’s good for the economy, how benefits are shared with locals varies. More consistent practices would enhance the overall effect.",7
"Tourism’s got a positive effect on the local economy, but fair treatment for locals needs more focus. Neutral impact on overall benefits.",7
"Tour companies are making a positive impact, but there’s room for better consistency in fair treatment and benefits. Progress is visible.",8
"Tourism’s driving economic benefits, but fairness in how locals are treated could be better. More consistent improvements are needed.",8
"Tourist spending’s lifting the local economy, though fair treatment and compensation for locals could use some work. Overall impact is good but could be better.",8
"Tour companies’ impact on local economic growth is solid, but more steady fair practices would boost the benefits for everyone.",8
"Tourism’s creating economic perks, and fair treatment of locals is generally good. Continued focus on improving these practices will be key.",8
"Tourism’s doing wonders for the local economy, with fair treatment and benefits for locals being top-notch. The overall impact is highly positive.",9
"Tour companies are ace at supporting the local economy and ensuring locals get a fair shake. This approach really boosts community benefits.",9
"Tourism’s making a big splash in the local economy with great practices for fair treatment. The community’s definitely reaping the rewards.",9
"Local economic growth is thriving thanks to tourism, with solid commitment to fair practices and benefits for locals. This is a major win.",9
"Tourism’s got a stellar impact, with fair treatment and local benefits being well-managed. The community’s doing great because of it.",9
"Tourism’s top-notch for the local economy, with fair practices and awesome benefits for locals. This kind of impact is highly valued.",10
"Tour companies are ace at supporting the local economy, making sure locals get a fair deal. The positive impact on the community is huge.",10
"Tourism’s rocking the local economy with excellent practices in fair treatment and benefits for locals. The community’s growth is impressive.",10
"Tour companies’ dedication to fair treatment and local benefits is spot on, making tourism a huge win for our community’s growth.",10
"Tourism’s bringing fantastic economic benefits with top-tier practices for fair pay and treatment of locals. The overall effect is superb.",10
"Tour companies tout their economic contributions, but in reality, many locals feel shortchanged. The supposed benefits often fail to trickle down, with many workers seeing little to no improvement in their wages or working conditions. The focus seems to be more on marketing claims than actual, tangible benefits. If these companies want to genuinely boost the local economy, they need to ensure fair compensation and better treatment for the people on the ground who make tourism possible. Without these changes, the benefits will remain largely superficial.",1
"Tourism's supposed to pump up the local economy, but the truth is, it often leaves us locals high and dry. Tour companies might boast about their economic impact, but for many of us, it’s a different story. Workers are still underpaid and overworked, while the companies keep raking in profits. If they really want to make a difference, they need to put their money where their mouth is and ensure that the benefits reach those who need them the most. Until then, it’s all just hot air.",1
"While tourism is promoted as a boon for the local economy, the reality for many locals is quite different. The profits generated by these tour companies often don’t reach the community as intended. Instead, many locals are left feeling exploited and underappreciated, with little to show for the influx of tourists. For tourism to truly benefit the local economy, there needs to be a significant shift in how profits are distributed and how workers are treated. Otherwise, it’s just a lot of talk without any real substance.",1
"Tour companies are all about the hype when it comes to economic benefits, but many locals are left in the lurch. The big bucks are rolling in, but workers aren’t seeing their fair share. The so-called benefits often don’t translate into better wages or working conditions for those on the ground. If these companies genuinely want to contribute to the local economy, they need to rethink their approach and make sure the benefits extend to the people who actually make tourism happen. Right now, it’s just smoke and mirrors.",1
"Tourism is pitched as a way to boost the local economy, but many locals feel it’s more of a gimmick than a genuine benefit. The revenue generated often doesn’t trickle down to those who need it most, and exploitation remains a significant issue. For tourism to be a true economic asset, companies must ensure that local workers are fairly compensated and treated. Until then, the promised economic benefits will remain largely elusive, and the community will continue to see little real improvement.",1
"Tourism does bring some economic benefits, but there’s a lot of room for improvement when it comes to how these benefits are distributed. Locals often experience mixed results, with some seeing positive impacts while others continue to struggle. It’s crucial for tour companies to focus on fair practices and equitable compensation to ensure that the economic boost from tourism reaches everyone. While the overall impact is positive, there’s a need for better consistency and fairness in how benefits are shared.",2
"Tourism’s impact on the local economy is a bit of a mixed bag. While there are clear benefits, they’re not always evenly distributed. Some locals see real improvements, while others still face challenges. There’s definitely progress being made, but it’s important for tour companies to address inconsistencies and focus on fair treatment for all workers. With more balanced practices, the positive effects of tourism could be more widely felt throughout the community.",2
"Tourism is having a noticeable impact on the local economy, but the benefits aren’t always consistent across the board. Many locals experience a range of outcomes, with some benefiting from the influx of tourists while others feel left out. There’s a need for more equitable practices to ensure that the economic growth from tourism is more evenly distributed. Improved fairness in how benefits are allocated would help in making the positive impacts more widespread.",2
"While tourism helps boost the local economy, the extent of its benefits varies. Some locals see significant improvements, while others are still struggling. It’s clear that there’s a positive effect overall, but there’s room for better consistency in how the benefits are shared. For tourism to truly be a force for good, companies need to focus on fair treatment and ensure that all locals share in the economic gains.",2
"Tourism’s impact on the local economy is generally positive, but the fairness of its benefits could use some work. Locals experience a range of outcomes, with some benefiting more than others. To maximize the positive effects, tour companies should prioritize fair practices and more equitable compensation. With these improvements, the economic benefits of tourism could be more widely felt and appreciated by the entire community.",3
"Tour companies are making strides in boosting the local economy, but the distribution of benefits is still uneven. While tourism generates significant revenue, it doesn’t always reach everyone equally. Fair compensation and consistent practices are key to ensuring that the positive impacts of tourism are felt throughout the community. With more focus on equitable treatment, the benefits of tourism could be more broadly experienced.",3
"Tourism contributes to local economic growth, but how the benefits are shared remains inconsistent. There are clear advantages, but they don’t always extend to all locals equally. Improvements in fair treatment and compensation practices would enhance the overall impact of tourism. By addressing these disparities, the positive effects of tourism could be more evenly distributed across the community.",3
"Tourism provides some economic uplift, but the fairness of benefits can vary widely. While there are notable positive impacts, the distribution is not always equal. It’s important for tour companies to focus on fair practices and ensure that all locals benefit from the economic growth. Greater consistency in how benefits are shared would improve the overall effectiveness of tourism’s positive impact.",3
"Tourism does have a positive effect on the local economy, though the extent of this impact can vary. While some locals see significant benefits, others experience less favorable outcomes. Addressing these inconsistencies and focusing on fair treatment and compensation will help ensure that the economic benefits of tourism are more broadly felt. Overall, the impact is good but could be improved with better practices.",4
"Tourism’s impact on the local economy is generally favorable, but there are areas needing improvement. The benefits are not always evenly distributed among locals, and there’s a need for better fairness in compensation. The positive effects are clear, but more consistent practices would help in spreading these benefits more equally across the community. It’s a step in the right direction but still has room for growth.",4
"Tourism boosts the local economy, but fair treatment of locals can be hit or miss. The economic benefits are there, but how they’re distributed can vary. More consistent practices and fair compensation are necessary to ensure that the positive impacts are shared more equally. While the overall effect is beneficial, addressing these issues would enhance the benefits for everyone involved.",4
"Tour companies do contribute positively to the local economy, though the fairness of benefits remains inconsistent. The overall impact is good, but there’s a need for more balanced practices to ensure that all locals see the benefits. Continued improvements in fair treatment and compensation will help in making the positive effects of tourism more widely experienced.",4
"Tourism’s effects on the local economy are generally positive, but there are still areas where fairness could be improved. The benefits are apparent, but not always distributed evenly among locals. Efforts to ensure fair compensation and treatment would enhance the overall impact. While progress is being made, more consistent practices are needed to maximize the benefits for the community.",5
"Tour companies are having a mixed impact on the local economy. The benefits are visible but not always consistent, with some locals experiencing better outcomes than others. A more balanced approach to fair treatment and compensation could help spread the economic benefits more evenly. Neutral on the overall effectiveness, but improvements in practices would be beneficial.",5
"Tourism has a generally positive impact on the local economy, but the fairness of benefits can be inconsistent. Some locals see substantial benefits while others do not. It’s important for tour companies to focus on equitable practices and ensure that economic gains are more evenly distributed. While the impact is positive, there is room for improvement in fairness and consistency.",5
"Tourism is contributing to local economic growth, but the distribution of benefits remains a bit uneven. While there are positive impacts, they’re not always shared equally among locals. A focus on fair treatment and compensation would help enhance the overall benefits. The current effect is neutral, but improvements could lead to more widespread positive outcomes.",5
"Tour companies’ impact on the local economy is generally positive, though benefits aren’t always evenly distributed. Fair compensation and treatment vary, leading to mixed results for locals. While tourism brings noticeable economic growth, there’s room for improvement in how benefits are shared. Continued focus on fairness and equity would enhance the overall effectiveness.",6
"Tourism provides economic growth, but the fairness of benefits for locals can vary. The positive effects are clear, but there’s a need for more consistent practices in compensation and treatment. Efforts to address these disparities would help in maximizing the benefits and ensuring that all locals experience the positive impacts of tourism.",6
"Tour companies contribute to the local economy, but the distribution of benefits is not always fair. While tourism’s impact is positive, there are inconsistencies in how the benefits are shared. Improving fair treatment and compensation practices would enhance the overall effect, making the benefits of tourism more widely felt throughout the community.",6
"Local economy is seeing growth from tourism, but there are mixed outcomes in terms of benefits. Fair treatment and compensation practices could use some work to ensure that all locals benefit from the economic boost. Overall, the impact is positive, but more consistent efforts are needed to address disparities and enhance the benefits.",6
"Tourism’s effect on the local economy is mostly positive, but there’s variability in how benefits are distributed. Fair practices and compensation need improvement to ensure that all locals share in the economic growth. While the current impact is favorable, focusing on equity and consistency would lead to a more balanced outcome for the community.",7
"Tourism generally benefits the local economy, though there are some inconsistencies in how these benefits reach locals. The positive impact is clear, but improved fairness in compensation and treatment would enhance the overall effect. More consistent practices would help in spreading the benefits more evenly across the community.",7
"Tour companies are positively impacting the local economy, but the fairness of benefits could be better. Some locals experience significant gains while others do not. By focusing on equitable practices and ensuring consistent treatment, the overall benefits of tourism could be more widely felt. The current impact is positive but could be improved with better practices.",7
"Tourism’s contribution to the local economy is evident, but the distribution of benefits can be uneven. Fair treatment and compensation for locals need more attention to maximize the positive effects. The overall impact is good, but addressing these inconsistencies would improve the benefits and ensure a more balanced distribution.",7
"Tourism’s positive impact on the local economy is apparent, though there’s room for improvement in fairness and consistency. Some locals benefit more than others, and efforts to enhance equitable practices would help spread the economic growth more evenly. The current effect is positive, but greater focus on fair treatment would be beneficial.",8
"Tour companies are making a strong contribution to the local economy, with a general focus on fair treatment and benefits. While the impact is mostly positive, there’s always room for further improvements. More consistent practices in how benefits are distributed could enhance the overall effect, ensuring that all locals experience the positive outcomes.",8
"Tourism boosts the local economy significantly, and fair treatment of locals is generally prioritized. However, there’s potential for improving how benefits are distributed to ensure consistency. Continued focus on equitable practices would help maximize the positive impact of tourism and ensure that all community members see the benefits.",8
"Tourism has a solid positive impact on the local economy, with tour companies generally following fair practices. The benefits are visible, though there’s room for improvement in how they are shared. Ensuring that all locals experience the positive effects would enhance the overall impact and make tourism a more inclusive benefit.",8
"Tourism’s impact on the local economy is mostly favorable, with fair treatment and benefits for locals being well-managed. The current practices are effective, but there’s always space for enhancing consistency in benefit distribution. A continued focus on equity will help in ensuring that the positive effects of tourism are more widely felt.",8
"Tourism’s effect on the local economy is outstanding, with excellent practices in fair treatment and benefits for locals. The positive impact is clear and well-appreciated. Continued commitment to these practices will ensure that the benefits are sustained and further enhance community growth.",9
"Tour companies are greatly supporting the local economy, ensuring fair treatment and benefits for locals. This positive approach maximizes community benefits and contributes significantly to overall growth. The current practices are commendable, and continued focus on maintaining and improving these standards will keep the benefits strong.",9
"Tourism is having a fantastic effect on the local economy, with a strong emphasis on fair treatment and benefits for locals. The benefits are widely felt and well-managed, leading to significant positive outcomes. Continued efforts to uphold these standards will further enhance the overall impact and community growth.",9
"Local economic growth from tourism is impressive, with tour companies demonstrating a high level of commitment to fair practices. The benefits are substantial and consistently shared with locals. This positive impact is highly valued and contributes greatly to community development. Continued focus on these practices will ensure ongoing success.",9
"Tourism brings exceptional economic benefits, with a strong focus on fair treatment and compensation for locals. The positive impact on the community is substantial and well-appreciated. Maintaining these high standards will ensure that the benefits of tourism continue to be a major positive force for local growth.",10
"Tour companies’ impact on the local economy is outstanding, with excellent practices in fair treatment and benefits for locals. This strong commitment results in highly positive outcomes for the community. The overall impact of tourism is highly beneficial, and continued focus on these standards will further enhance its success.",10
"Tourism’s contribution to the local economy is exceptional, with a strong emphasis on fair treatment and benefits for locals. The positive effects are significant and well-distributed. This approach has led to impressive community growth, and maintaining these practices will ensure ongoing and enhanced benefits.",10
"Tour companies excel in supporting the local economy with fair treatment and benefits for locals. The positive impact is clearly evident and greatly valued. The current practices are highly effective, and continued commitment to these standards will ensure that tourism remains a major force for good in the community.",10
"Tourism has a remarkable positive effect on the local economy, with a strong focus on fair practices and compensation for locals. The benefits are substantial and well-distributed, leading to significant community growth. Ongoing dedication to maintaining these high standards will continue to enhance the overall positive impact.",10
"Locals are getting screwed.","1"
"Tourists make us suffer.","1"
"Profit for companies, not locals.","1"
"Economy boost? More like scam.","1"
"Tourism’s all talk, no help.","1"
"Mixed benefits, some struggle.","2"
"Uneven benefits for locals.","2"
"Tourism helps, but inconsistently.","2"
"Positive but not for all.","2"
"Some gain, others miss out.","2"
"Boosts economy, not evenly.","3"
"Benefits vary for locals.","3"
"Some locals benefit, some don’t.","3"
"Impact is positive but uneven.","3"
"Improves economy but not equally.","3"
"Generally positive, needs fairness.","4"
"Tourism’s good, needs equity.","4"
"Impact is clear, needs work.","4"
"Positive effects, but inconsistent.","4"
"Boosts economy, but needs balance.","4"
"Economy’s growing, benefits shared.","5"
"Neutral impact, pros and cons.","5"
"Tourism benefits the local economy.","5"
"Positive growth, mixed distribution.","5"
"Local economy benefits from tourism.","5"
"Tourism helps but has flaws.","6"
"Overall good, needs consistency.","6"
"Positive, but fairness needed.","6"
"Benefits are clear, but uneven.","6"
"Growth is good, but mixed.","6"
"Tourism positively impacts economy.","7"
"Consistent benefits, good overall.","7"
"Benefits are generally positive.","7"
"Tourism helps with local growth.","7"
"Economy boost is clear.","7"
"Tourism’s impact is highly positive.","8"
"Economy thrives with tourism.","8"
"Great benefits for the community.","8"
"Local economy grows significantly.","8"
"Tourism’s positive impact is clear.","8"
"Exceptional benefits for locals.","9"
"Tourism boosts economy effectively.","9"
"Significant positive impact seen.","9"
"Tourism benefits are impressive.","9"
"Outstanding positive impact on locals.","10"
"Tourism greatly enhances economy.","10"
"Local economy thrives thanks to tourism.","10"
"Tourism brings exceptional growth.","10"
"Tourism’s benefits are superb.","10"
"Tourism’s impact on the local economy is profoundly negative. Despite promises of economic benefits, the reality is that most of the revenue from tourism is siphoned off by large tour operators and international chains, leaving little for local businesses and workers. The supposed boost to the economy is overshadowed by rampant exploitation of local workers who often face poor wages and working conditions. Furthermore, the rise in prices due to tourism inflates the cost of living for residents, making it even harder for them to benefit from the influx of visitors. The environmental degradation caused by increased tourist activity further strains local resources and damages natural habitats. Overall, the gap between the anticipated benefits and the actual impact is vast, and without significant changes, tourism remains a detrimental force for many local communities.","1"
"Tourism’s negative impact on the local economy is stark. While it is touted as a source of growth, the reality is often quite different. Large tour operators and international chains reap the benefits, leaving local businesses and workers at a disadvantage. Many locals are exploited with low wages and poor working conditions. The cost of living has risen significantly, reducing the benefits of increased economic activity. Environmental damage from increased tourism also adds to the strain on local resources. The disparity between promised benefits and actual outcomes remains a serious concern, and immediate reform is needed to address these issues effectively.","1"
"Tourism's impact on the local economy is mixed and often disappointing. Some locals experience benefits such as increased employment and business opportunities, but these are not evenly distributed. Many local businesses struggle to compete with larger, foreign-owned entities. Additionally, rising living costs and inflated prices often negate some of the economic gains. Efforts to improve the distribution of tourism revenue and support local businesses are essential to enhance the overall benefits, but as it stands, the positive impact is limited and uneven.","2"
"Tourism has a mixed impact on the local economy. While it provides some benefits such as job creation and increased demand for local services, these are not uniformly experienced across all areas. Small, local businesses often find it difficult to compete with larger, more established entities. The increased cost of living and inflation also present challenges. The overall economic impact is therefore uneven, and without targeted efforts to support local businesses and ensure fair distribution of benefits, many residents will continue to see minimal gains from tourism.","2"
"Tourism provides a noticeable boost to the local economy, but the benefits are inconsistent. Many locals see improved livelihoods due to increased job opportunities and business for local services. However, some areas and businesses experience little change, and the cost of living can rise due to inflation caused by tourism. The economic benefits are not always evenly distributed, and the long-term sustainability of these gains is uncertain. Addressing these issues requires a focus on equitable practices and sustainable growth to maximize the positive impact of tourism.","3"
"Tourism offers noticeable economic benefits, but with significant variability. Increased job opportunities and higher demand for local services are positive aspects. However, the benefits are not equally shared, with some regions and businesses seeing little improvement. Additionally, the rising cost of living due to inflation can offset some of the gains. Ensuring that the positive impacts of tourism are more evenly distributed and addressing the challenges of sustainability and inflation are crucial for maximizing the overall economic benefit.","3"
"Tourism has a generally positive impact on the local economy, though there are areas needing improvement. Many locals benefit from job creation and increased business opportunities. However, the distribution of these benefits is not always even, with some businesses and individuals experiencing more advantages than others. The increase in living costs and potential for inflated prices also present challenges. Addressing these issues through fair practices and supporting small businesses can enhance the overall positive impact of tourism.","4"
"Tourism’s effect on the local economy is generally positive but not without challenges. Many residents experience economic benefits such as job creation and increased business. However, these benefits are not uniformly distributed, and some businesses and individuals see fewer gains. Rising living costs and inflation due to tourism also present challenges. To fully realize the positive impacts, it is important to address these disparities and focus on sustainable practices and fair distribution of benefits.","4"
"Tourism has a generally neutral impact on the local economy. While there are benefits such as job creation and increased business for local services, these are counterbalanced by challenges like rising living costs and environmental concerns. The overall effect varies, with some locals seeing improvements in their economic situation while others experience minimal change. Both positive and negative aspects need to be managed to create a more balanced economic impact for all.","5"
"Tourism’s impact on the local economy is neutral. While it brings some benefits, such as job creation and increased business for local services, it also presents challenges like rising costs of living and environmental issues. The effects of tourism are mixed, with some areas benefiting more than others. A balanced approach that addresses both positive and negative aspects will be necessary to ensure that tourism contributes positively to the local economy.","5"
"Tourism positively affects the local economy, though there are still areas needing attention. Many locals benefit from increased economic activity and job creation. However, inconsistencies in the distribution of benefits and rising living costs present challenges. Addressing these issues involves supporting small businesses and ensuring fair revenue distribution. Additionally, implementing sustainable practices can help mitigate some negative effects. Overall, tourism brings considerable benefits, but focusing on equity and sustainability will enhance its impact.","6"
"Tourism has a positive impact on the local economy, though there are areas that need improvement. Many residents see benefits from increased job opportunities and economic activity. However, issues such as uneven distribution of benefits and rising living costs need to be addressed. Supporting small businesses and ensuring fair practices can enhance the overall economic impact. Additionally, adopting sustainable practices will help manage some of the negative effects associated with tourism.","6"
"Tourism has a strong positive impact on the local economy. Many locals enjoy improved livelihoods due to job creation and increased demand for local services. Efforts to ensure fair distribution of benefits are making a difference, though challenges like inflation and environmental impact remain. By focusing on equitable practices and sustainable development, tourism can continue to drive economic growth while benefiting the community as a whole.","7"
"Tourism’s impact on the local economy is notably positive. Increased job opportunities and business growth are evident, with many locals experiencing improved economic conditions. The distribution of benefits is more effective, and ongoing efforts to support local businesses contribute to the overall positive impact. Challenges such as managing inflation and environmental concerns still exist, but the overall economic effects are beneficial. Continued focus on fairness and sustainability will further enhance these positive outcomes.","7"
"Tourism significantly benefits the local economy. The influx of visitors has led to job creation, business growth, and infrastructure improvements. Many residents see substantial economic benefits, and revenue distribution is supporting a wide range of community projects. Despite some challenges, such as managing environmental impacts and inflation, the overall effect of tourism is very positive. Ongoing efforts to address these issues will ensure that the sector continues to be a major force for economic good.","8"
"Tourism has a highly positive impact on the local economy. Increased job opportunities, business growth, and infrastructure development are evident. The benefits are widely distributed, and tourism revenue supports various community projects and services. Although there are challenges like inflation and environmental management, the overall impact remains very favorable. Continued focus on sustainability and fair practices will further enhance the economic benefits of tourism for the community.","8"
"Tourism has an exceptional impact on the local economy. The sector has led to significant job creation, business expansion, and infrastructure improvements. Revenue distribution effectively supports local initiatives, resulting in considerable economic benefits for residents. While challenges such as environmental management and cost-of-living increases are being addressed, the overall effects are overwhelmingly positive. Tourism continues to be a crucial driver of economic prosperity, with strong efforts to maximize its benefits.","9"
"Tourism’s effect on the local economy is outstanding. The sector has spurred remarkable growth in job creation, business development, and infrastructure. Revenue is effectively reinvested into community projects, leading to substantial improvements for locals. The positive outcomes far outweigh the challenges, and the focus on sustainability and equitable practices has maximized the benefits. Tourism is a vital contributor to economic success, bringing exceptional benefits and ensuring continued growth and prosperity.","9"
"Tourism’s impact on the local economy is extraordinary. The sector has resulted in significant job creation, business growth, and infrastructure improvements. Locals experience substantial economic benefits, with revenue being effectively used to support community projects and services. The focus on managing environmental impacts and maintaining fair practices has enhanced these positive outcomes. Tourism remains a key driver of economic success, delivering exceptional benefits and ensuring continued prosperity for the community.","10"
"Tourism has an outstanding impact on the local economy. The sector has led to exceptional job creation, business growth, and infrastructure development. The benefits are widespread, with revenue effectively supporting community projects and services. Locals enjoy significant economic improvements, and the focus on sustainability and fair practices has maximized these benefits. Despite challenges, such as environmental management, the overall effects of tourism are profoundly positive, reinforcing its role as a major driver of economic success.","10"
