"feedback","category","community" 
"Your sustainable fishing practices are essential for preserving marine life.","Environment",“Haenyeo”
"We appreciate your commitment to maintaining clean and healthy ocean waters.","Environment",“Haenyeo”
"Your traditional methods have a minimal impact on the environment, helping to protect marine ecosystems.","Environment",“Haenyeo”
"Your efforts to reduce bycatch and protect endangered species are vital for marine conservation.","Environment",“Haenyeo”
"The way you manage and protect marine habitats is exemplary.","Environment",“Haenyeo”
"Your dedication to minimizing environmental impact sets a standard for others.","Environment",“Haenyeo”
"We value your role in keeping the coastal areas free of pollution.","Environment",“Haenyeo”
"Your practices contribute significantly to the long-term sustainability of the ocean's resources.","Environment",“Haenyeo”
"Your work in preserving underwater biodiversity is crucial for the health of the marine environment.","Environment",“Haenyeo”
"Your eco-conscious approach ensures that future generations can enjoy a thriving marine ecosystem.","Environment",“Haenyeo”
"Overfishing in certain areas by Haenyeo is causing a noticeable decline in marine life populations.","Environment",“Haenyeo”
"Some traditional fishing methods used by Haenyeo could be more sustainable to prevent habitat disruption.","Environment",“Haenyeo”
"The collection of certain species by Haenyeo may be impacting the delicate balance of the ecosystem.","Environment",“Haenyeo”
"There is concern about the lack of waste management practices during dives, leading to ocean pollution.","Environment",“Haenyeo”
"Haenyeo activities have occasionally resulted in unintended damage to coral reefs and underwater habitats.","Environment",“Haenyeo”
"More attention is needed to prevent bycatch and protect non-target species during harvesting.","Environment",“Haenyeo”
"The use of certain tools and equipment by Haenyeo may contribute to long-term environmental degradation.","Environment",“Haenyeo”
"Increased harvesting pressure from Haenyeo could threaten the sustainability of certain marine species.","Environment",“Haenyeo”
"There is insufficient effort to engage in conservation initiatives or collaborate on marine protection projects.","Environment",“Haenyeo”
"Some Haenyeo practices could benefit from modern environmental guidelines to reduce their ecological footprint.","Environment",“Haenyeo”
"The current harvesting methods may not be sustainable in the long run, leading to economic losses for the community.","Culture",“Haenyeo”
"Overharvesting by Haenyeo could reduce the availability of marine resources, impacting future income.","Culture",“Haenyeo”
"The decline in marine populations due to overfishing may negatively affect the local seafood market.","Culture",“Haenyeo”
"Limited collaboration with modern markets restricts the economic potential of Haenyeo’s catch.","Culture",“Haenyeo”
"Inconsistent pricing of harvested goods by Haenyeo may lead to market instability.","Culture",“Haenyeo”
"The lack of diversification in Haenyeo activities could leave the community economically vulnerable.","Culture",“Haenyeo”
"Depleting marine resources could diminish the tourism appeal, affecting local revenue.","Culture",“Haenyeo”
"Failure to adopt sustainable practices could result in long-term economic decline for the Haenyeo community.","Culture",“Haenyeo”
"The economic benefits from Haenyeo activities are not evenly distributed, leading to disparities within the community.","Culture",“Haenyeo”
"Insufficient engagement with international markets limits the economic growth potential of Haenyeo products.","Culture",“Haenyeo”
"Haenyeo preserve an important cultural tradition that has been passed down through generations, enriching the community's heritage.","Culture",“Haenyeo”
"Their unique way of life serves as a powerful symbol of resilience and women's empowerment in the community.","Culture",“Haenyeo”
"The Haenyeo culture attracts tourists, providing a valuable cultural experience that boosts local pride and economy.","Culture",“Haenyeo”
"Their traditional knowledge and skills contribute to the preservation of cultural practices that might otherwise be lost.","Culture",“Haenyeo”
"Haenyeo play a vital role in maintaining and celebrating the community’s maritime history.","Culture",“Haenyeo”
"The cultural significance of Haenyeo has led to increased recognition and support from both locals and international visitors.","Culture",“Haenyeo”
"Their rituals and ceremonies connected to the sea foster a deep cultural connection to nature.","Culture",“Haenyeo”
"The Haenyeo's stories and experiences provide invaluable insights into the region’s cultural and historical identity.","Culture",“Haenyeo”
"Their role in the community strengthens social bonds and preserves cultural values.","Culture",“Haenyeo”
"The Haenyeo’s cultural practices have been successfully integrated into educational programs, ensuring that the tradition continues to thrive.","Culture",“Haenyeo”
"The Haenyeo contribute significantly to the local economy through their sustainable harvesting of marine resources.","Economics",“Haenyeo”
"Their traditional practices attract tourists, providing a steady stream of income for the community.","Economics",“Haenyeo”
"Haenyeo products, such as fresh seafood, are highly valued in the market, boosting local sales.","Economics",“Haenyeo”
"Their work supports the local seafood industry, creating jobs and economic opportunities for others.","Economics",“Haenyeo”
"The Haenyeo’s role in sustainable fishing ensures the long-term viability of marine resources, securing future income.","Economics",“Haenyeo”
"Their unique cultural heritage draws international attention, leading to increased tourism and economic benefits.","Economics",“Haenyeo”
"Haenyeo contribute to the diversification of the local economy by offering eco-tourism experiences.","Economics",“Haenyeo”
"Their knowledge of the sea and marine life supports the development of sustainable business practices in the region.","Economics",“Haenyeo”
"The presence of Haenyeo has led to the growth of related industries, such as hospitality and retail.","Economics",“Haenyeo”
"Their commitment to sustainable practices enhances the region's reputation, attracting environmentally-conscious investors and tourists.","Economics",“Haenyeo”
"The declining number of Haenyeo due to aging is reducing the economic contributions they make to the community.","Economics",“Haenyeo”
"Overharvesting by Haenyeo could lead to resource depletion, negatively affecting long-term economic sustainability.","Economics",“Haenyeo”
"Limited adaptation to modern market demands may restrict the economic growth potential of Haenyeo activities.","Economics",“Haenyeo”
"The seasonal nature of Haenyeo work creates economic instability, making it difficult to sustain a consistent income.","Economics",“Haenyeo”
"Relying heavily on traditional methods may limit opportunities for economic expansion or innovation.","Economics",“Haenyeo”
"The lack of younger generations entering the Haenyeo profession threatens the continuity of their economic contributions.","Economics",“Haenyeo”
"The local market for Haenyeo-caught seafood can be inconsistent, leading to fluctuating income levels.","Economics",“Haenyeo”
"High competition from industrial fishing operations could diminish the economic value of Haenyeo’s catch.","Economics",“Haenyeo”
"The economic benefits from Haenyeo activities are not always evenly distributed, leading to disparities within the community.","Economics",“Haenyeo”
"There is insufficient investment in marketing and branding Haenyeo products, limiting their economic reach and profitability.","Economics",“Haenyeo”
"The Haenyeo are respected and honored as vital contributors to the community’s cultural and economic life.","Treatmeant",“Haenyeo”
"Their knowledge and skills are highly valued, leading to fair compensation for their work.","Treatmeant",“Haenyeo”
"The local government provides support and resources to ensure the well-being and safety of the Haenyeo.","Treatmeant",“Haenyeo”
"Haenyeo are given priority in local markets, ensuring their products are sold at competitive prices.","Treatmeant",“Haenyeo”
"The community actively recognizes and celebrates the Haenyeo through festivals and cultural events.","Treatmeant",“Haenyeo”
"There is strong community support for Haenyeo, ensuring they have the necessary equipment and training.","Treatmeant",“Haenyeo”
"Efforts are made to preserve the Haenyeo’s traditional practices, showing deep respect for their cultural heritage.","Treatmeant",“Haenyeo”
"Haenyeo receive healthcare and retirement benefits, acknowledging their hard work and contributions.","Treatmeant",“Haenyeo”
"The younger generation is encouraged to learn from the Haenyeo, ensuring the continuation of their legacy.","Treatmeant",“Haenyeo”
"Tour companies and visitors treat the Haenyeo with admiration and respect, enhancing their status in the community.","Treatmeant",“Haenyeo”
"The Haenyeo often face inadequate financial compensation for the demanding and dangerous nature of their work.","Treatmeant",“Haenyeo”
"There is a lack of sufficient healthcare and support services tailored to the unique needs of the aging Haenyeo population.","Treatmeant",“Haenyeo”
"Some Haenyeo feel undervalued, with their contributions to the community not being fully recognized or appreciated.","Treatmeant",“Haenyeo”
"The working conditions for Haenyeo can be harsh, with limited efforts made to improve their safety and comfort.","Treatmeant",“Haenyeo”
"There is insufficient governmental and institutional support to ensure the preservation of the Haenyeo tradition.","Treatmeant",“Haenyeo”
"Younger generations are not incentivized to continue the Haenyeo tradition, leading to a decline in its practice.","Treatmeant",“Haenyeo”
"Haenyeo sometimes face exploitation by middlemen, who offer low prices for their hard-earned catch.","Treatmeant",“Haenyeo”
"The cultural significance of the Haenyeo is not adequately promoted, leading to a lack of respect from some tourists and locals.","Treatmeant",“Haenyeo”
"There is minimal recognition or reward for Haenyeo’s efforts in preserving marine ecosystems and contributing to sustainable practices.","Treatmeant",“Haenyeo”
"Haenyeo often lack access to modern equipment and resources, which could make their work safer and more efficient.","Treatmeant",“Haenyeo”


